{
  "1" : { "Tariffe biglietti ordinari e altri titoli di viaggio occasionali" : { "Biglietto ordinario" : "2,00" , "Biglietto giornaliero" : "7,00" , "Biglietto 3 giorni" : "12,00" } , "Tariffe abbonamenti ordinari" : { "Settimanale" : "17,00" , "Mensile" : "50,00" , "Annuale" : "460,00" }, "Tariffe abbonamenti agevolati Sistema Tariffario Integrato del Bacino di Mobilità" : { "Mensile giovani under 26 e senior over 65" : "37,50" , "Annuale giovani under 26 e senior over 65" : "345,00" , "Annuale soglia ISEE non oltre 6.000 " : "69,00" } } ,
  "2" : { "Tariffe biglietti ordinari e altri titoli di viaggio occasionali" : { "Biglietto ordinario" : "2,40" , "Biglietto giornaliero" : "8,40" , "Biglietto 3 giorni" : "14,50" } , "Tariffe abbonamenti ordinari" : { "Settimanale" : "20,50" , "Mensile" : "60,00" , "Annuale" : "552,00" }, "Tariffe abbonamenti agevolati Sistema Tariffario Integrato del Bacino di Mobilità" : { "Mensile giovani under 26 e senior over 65" : "45,00" , "Annuale giovani under 26 e senior over 65" : "414,00" , "Annuale soglia ISEE non oltre 6.000 " : "83,00" } } ,
  "3" : { "Tariffe biglietti ordinari e altri titoli di viaggio occasionali" : { "Biglietto ordinario" : "2,80" , "Biglietto giornaliero" : "9,80" , "Biglietto 3 giorni" : "17,00" } , "Tariffe abbonamenti ordinari" : { "Settimanale" : "24,00" , "Mensile" : "70,00" , "Annuale" : "644,00" }, "Tariffe abbonamenti agevolati Sistema Tariffario Integrato del Bacino di Mobilità" : { "Mensile giovani under 26 e senior over 65" : "53,00" , "Annuale giovani under 26 e senior over 65" : "483,00" , "Annuale soglia ISEE non oltre 6.000 " : "97,00" } } ,
  "4" : { "Tariffe biglietti ordinari e altri titoli di viaggio occasionali" : { "Biglietto ordinario" : "3,20" , "Biglietto giornaliero" : "11,00" , "Biglietto 3 giorni" : "19,00" } , "Tariffe abbonamenti ordinari" : { "Settimanale" : "27,00" , "Mensile" : "77,00" , "Annuale" : "682,00" }, "Tariffe abbonamenti agevolati Sistema Tariffario Integrato del Bacino di Mobilità" : { "Mensile giovani under 26 e senior over 65" : "58,00" , "Annuale giovani under 26 e senior over 65" : "512,00" , "Annuale soglia ISEE non oltre 6.000 " : "102,00" } } ,
  "5" : { "Tariffe biglietti ordinari e altri titoli di viaggio occasionali" : { "Biglietto ordinario" : "3,60" , "Biglietto giornaliero" : "12,50" , "Biglietto 3 giorni" : "21,50" } , "Tariffe abbonamenti ordinari" : { "Settimanale" : "30,50" , "Mensile" : "82,00" , "Annuale" : "712,00" }, "Tariffe abbonamenti agevolati Sistema Tariffario Integrato del Bacino di Mobilità" : { "Mensile giovani under 26 e senior over 65" : "62,00" , "Annuale giovani under 26 e senior over 65" : "534,00" , "Annuale soglia ISEE non oltre 6.000 " : "107,00" } } ,
  "6" : { "Tariffe biglietti ordinari e altri titoli di viaggio occasionali" : { "Biglietto ordinario" : "4,00" , "Biglietto giornaliero" : "14,00" , "Biglietto 3 giorni" : "24,00" } , "Tariffe abbonamenti ordinari" : { "Settimanale" : "34,00" , "Mensile" : "87,00" , "Annuale" : "738,00" }, "Tariffe abbonamenti agevolati Sistema Tariffario Integrato del Bacino di Mobilità" : { "Mensile giovani under 26 e senior over 65" : "65,00" , "Annuale giovani under 26 e senior over 65" : "554,00" , "Annuale soglia ISEE non oltre 6.000 " : "111,00" } } ,
  "7" : { "Tariffe biglietti ordinari e altri titoli di viaggio occasionali" : { "Biglietto ordinario" : "4,40" , "Biglietto giornaliero" : "15,50" , "Biglietto 3 giorni" : "26,50" } , "Tariffe abbonamenti ordinari" : { "Settimanale" : "37,50" , "Mensile" : "87,00" , "Annuale" : "761,00" }, "Tariffe abbonamenti agevolati Sistema Tariffario Integrato del Bacino di Mobilità" : { "Mensile giovani under 26 e senior over 65" : "65,00" , "Annuale giovani under 26 e senior over 65" : "571,00" , "Annuale soglia ISEE non oltre 6.000 " : "114,00" } } ,
  "8" : { "Tariffe biglietti ordinari e altri titoli di viaggio occasionali" : { "Biglietto ordinario" : "1,60" , "Biglietto giornaliero" : "5,60" , "Biglietto 3 giorni" : "9,60" } , "Tariffe abbonamenti ordinari" : { "Settimanale" : "13,50" , "Mensile" : "40,00" , "Annuale" : "368,00" }, "Tariffe abbonamenti agevolati Sistema Tariffario Integrato del Bacino di Mobilità" : { "Mensile giovani under 26 e senior over 65" : "30,00" , "Annuale giovani under 26 e senior over 65" : "276,00" , "Annuale soglia ISEE non oltre 6.000 " : "55,00" } } ,
  "9" : { "Tariffe biglietti ordinari e altri titoli di viaggio occasionali" : { "Biglietto ordinario" : "2,00" , "Biglietto giornaliero" : "7,00" , "Biglietto 3 giorni" : "12,00" } , "Tariffe abbonamenti ordinari" : { "Settimanale" : "17,00" , "Mensile" : "50,00" , "Annuale" : "460,00" }, "Tariffe abbonamenti agevolati Sistema Tariffario Integrato del Bacino di Mobilità" : { "Mensile giovani under 26 e senior over 65" : "37,50" , "Annuale giovani under 26 e senior over 65" : "345,00" , "Annuale soglia ISEE non oltre 6.000 " : "69,00" } } ,
  "10" : { "Tariffe biglietti ordinari e altri titoli di viaggio occasionali" : { "Biglietto ordinario" : "2,40" , "Biglietto giornaliero" : "8,40" , "Biglietto 3 giorni" : "14,50" } , "Tariffe abbonamenti ordinari" : { "Settimanale" : "20,50" , "Mensile" : "60,00" , "Annuale" : "552,00" }, "Tariffe abbonamenti agevolati Sistema Tariffario Integrato del Bacino di Mobilità" : { "Mensile giovani under 26 e senior over 65" : "45,00" , "Annuale giovani under 26 e senior over 65" : "414,00" , "Annuale soglia ISEE non oltre 6.000 " : "83,00" } } ,
  "11" : { "Tariffe biglietti ordinari e altri titoli di viaggio occasionali" : { "Biglietto ordinario" : "2,80" , "Biglietto giornaliero" : "9,80" , "Biglietto 3 giorni" : "17,00" } , "Tariffe abbonamenti ordinari" : { "Settimanale" : "24,00" , "Mensile" : "70,00" , "Annuale" : "644,00" }, "Tariffe abbonamenti agevolati Sistema Tariffario Integrato del Bacino di Mobilità" : { "Mensile giovani under 26 e senior over 65" : "53,00" , "Annuale giovani under 26 e senior over 65" : "483,00" , "Annuale soglia ISEE non oltre 6.000 " : "97,00" } } ,
  "12" : { "Tariffe biglietti ordinari e altri titoli di viaggio occasionali" : { "Biglietto ordinario" : "3,20" , "Biglietto giornaliero" : "11,00" , "Biglietto 3 giorni" : "19,00" } , "Tariffe abbonamenti ordinari" : { "Settimanale" : "27,00" , "Mensile" : "77,00" , "Annuale" : "682,00" }, "Tariffe abbonamenti agevolati Sistema Tariffario Integrato del Bacino di Mobilità" : { "Mensile giovani under 26 e senior over 65" : "58,00" , "Annuale giovani under 26 e senior over 65" : "512,00" , "Annuale soglia ISEE non oltre 6.000 " : "102,00" } } ,
  "13" : { "Tariffe biglietti ordinari e altri titoli di viaggio occasionali" : { "Biglietto ordinario" : "3,60" , "Biglietto giornaliero" : "12,50" , "Biglietto 3 giorni" : "21,50" } , "Tariffe abbonamenti ordinari" : { "Settimanale" : "30,50" , "Mensile" : "82,00" , "Annuale" : "712,00" }, "Tariffe abbonamenti agevolati Sistema Tariffario Integrato del Bacino di Mobilità" : { "Mensile giovani under 26 e senior over 65" : "62,00" , "Annuale giovani under 26 e senior over 65" : "534,00" , "Annuale soglia ISEE non oltre 6.000 " : "107,00" } } ,
  "14" : { "Tariffe biglietti ordinari e altri titoli di viaggio occasionali" : { "Biglietto ordinario" : "1,60" , "Biglietto giornaliero" : "5,60" , "Biglietto 3 giorni" : "9,60" } , "Tariffe abbonamenti ordinari" : { "Settimanale" : "13,50" , "Mensile" : "40,00" , "Annuale" : "368,00" }, "Tariffe abbonamenti agevolati Sistema Tariffario Integrato del Bacino di Mobilità" : { "Mensile giovani under 26 e senior over 65" : "30,00" , "Annuale giovani under 26 e senior over 65" : "276,00" , "Annuale soglia ISEE non oltre 6.000 " : "55,00" } } ,
  "15" : { "Tariffe biglietti ordinari e altri titoli di viaggio occasionali" : { "Biglietto ordinario" : "2,00" , "Biglietto giornaliero" : "7,00" , "Biglietto 3 giorni" : "12,00" } , "Tariffe abbonamenti ordinari" : { "Settimanale" : "17,00" , "Mensile" : "50,00" , "Annuale" : "460,00" }, "Tariffe abbonamenti agevolati Sistema Tariffario Integrato del Bacino di Mobilità" : { "Mensile giovani under 26 e senior over 65" : "37,50" , "Annuale giovani under 26 e senior over 65" : "345,00" , "Annuale soglia ISEE non oltre 6.000 " : "69,00" } } ,
  "16" : { "Tariffe biglietti ordinari e altri titoli di viaggio occasionali" : { "Biglietto ordinario" : "2,40" , "Biglietto giornaliero" : "8,40" , "Biglietto 3 giorni" : "14,50" } , "Tariffe abbonamenti ordinari" : { "Settimanale" : "20,50" , "Mensile" : "60,00" , "Annuale" : "552,00" }, "Tariffe abbonamenti agevolati Sistema Tariffario Integrato del Bacino di Mobilità" : { "Mensile giovani under 26 e senior over 65" : "45,00" , "Annuale giovani under 26 e senior over 65" : "414,00" , "Annuale soglia ISEE non oltre 6.000 " : "83,00" } } ,
  "17" : { "Tariffe biglietti ordinari e altri titoli di viaggio occasionali" : { "Biglietto ordinario" : "2,80" , "Biglietto giornaliero" : "9,80" , "Biglietto 3 giorni" : "17,00" } , "Tariffe abbonamenti ordinari" : { "Settimanale" : "24,00" , "Mensile" : "70,00" , "Annuale" : "644,00" }, "Tariffe abbonamenti agevolati Sistema Tariffario Integrato del Bacino di Mobilità" : { "Mensile giovani under 26 e senior over 65" : "53,00" , "Annuale giovani under 26 e senior over 65" : "483,00" , "Annuale soglia ISEE non oltre 6.000 " : "97,00" } } ,
  "18" : { "Tariffe biglietti ordinari e altri titoli di viaggio occasionali" : { "Biglietto ordinario" : "3,20" , "Biglietto giornaliero" : "11,00" , "Biglietto 3 giorni" : "19,00" } , "Tariffe abbonamenti ordinari" : { "Settimanale" : "27,00" , "Mensile" : "77,00" , "Annuale" : "682,00" }, "Tariffe abbonamenti agevolati Sistema Tariffario Integrato del Bacino di Mobilità" : { "Mensile giovani under 26 e senior over 65" : "58,00" , "Annuale giovani under 26 e senior over 65" : "512,00" , "Annuale soglia ISEE non oltre 6.000 " : "102,00" } } ,
  "19" : { "Tariffe biglietti ordinari e altri titoli di viaggio occasionali" : { "Biglietto ordinario" : "1,60" , "Biglietto giornaliero" : "5,60" , "Biglietto 3 giorni" : "9,60" } , "Tariffe abbonamenti ordinari" : { "Settimanale" : "13,50" , "Mensile" : "40,00" , "Annuale" : "368,00" }, "Tariffe abbonamenti agevolati Sistema Tariffario Integrato del Bacino di Mobilità" : { "Mensile giovani under 26 e senior over 65" : "30,00" , "Annuale giovani under 26 e senior over 65" : "276,00" , "Annuale soglia ISEE non oltre 6.000 " : "55,00" } } ,
  "20" : { "Tariffe biglietti ordinari e altri titoli di viaggio occasionali" : { "Biglietto ordinario" : "2,00" , "Biglietto giornaliero" : "7,00" , "Biglietto 3 giorni" : "12,00" } , "Tariffe abbonamenti ordinari" : { "Settimanale" : "17,00" , "Mensile" : "50,00" , "Annuale" : "460,00" }, "Tariffe abbonamenti agevolati Sistema Tariffario Integrato del Bacino di Mobilità" : { "Mensile giovani under 26 e senior over 65" : "37,50" , "Annuale giovani under 26 e senior over 65" : "345,00" , "Annuale soglia ISEE non oltre 6.000 " : "69,00" } } ,
  "21" : { "Tariffe biglietti ordinari e altri titoli di viaggio occasionali" : { "Biglietto ordinario" : "2,40" , "Biglietto giornaliero" : "8,40" , "Biglietto 3 giorni" : "14,50" } , "Tariffe abbonamenti ordinari" : { "Settimanale" : "20,50" , "Mensile" : "60,00" , "Annuale" : "552,00" }, "Tariffe abbonamenti agevolati Sistema Tariffario Integrato del Bacino di Mobilità" : { "Mensile giovani under 26 e senior over 65" : "45,00" , "Annuale giovani under 26 e senior over 65" : "414,00" , "Annuale soglia ISEE non oltre 6.000 " : "83,00" } } ,
  "22" : { "Tariffe biglietti ordinari e altri titoli di viaggio occasionali" : { "Biglietto ordinario" : "2,80" , "Biglietto giornaliero" : "9,80" , "Biglietto 3 giorni" : "17,00" } , "Tariffe abbonamenti ordinari" : { "Settimanale" : "24,00" , "Mensile" : "70,00" , "Annuale" : "644,00" }, "Tariffe abbonamenti agevolati Sistema Tariffario Integrato del Bacino di Mobilità" : { "Mensile giovani under 26 e senior over 65" : "53,00" , "Annuale giovani under 26 e senior over 65" : "483,00" , "Annuale soglia ISEE non oltre 6.000 " : "97,00" } } ,
  "23" : { "Tariffe biglietti ordinari e altri titoli di viaggio occasionali" : { "Biglietto ordinario" : "1,60" , "Biglietto giornaliero" : "5,60" , "Biglietto 3 giorni" : "9,60" } , "Tariffe abbonamenti ordinari" : { "Settimanale" : "13,50" , "Mensile" : "40,00" , "Annuale" : "368,00" }, "Tariffe abbonamenti agevolati Sistema Tariffario Integrato del Bacino di Mobilità" : { "Mensile giovani under 26 e senior over 65" : "30,00" , "Annuale giovani under 26 e senior over 65" : "276,00" , "Annuale soglia ISEE non oltre 6.000 " : "55,00" } } ,
  "24" : { "Tariffe biglietti ordinari e altri titoli di viaggio occasionali" : { "Biglietto ordinario" : "2,00" , "Biglietto giornaliero" : "7,00" , "Biglietto 3 giorni" : "12,00" } , "Tariffe abbonamenti ordinari" : { "Settimanale" : "17,00" , "Mensile" : "50,00" , "Annuale" : "460,00" }, "Tariffe abbonamenti agevolati Sistema Tariffario Integrato del Bacino di Mobilità" : { "Mensile giovani under 26 e senior over 65" : "37,50" , "Annuale giovani under 26 e senior over 65" : "345,00" , "Annuale soglia ISEE non oltre 6.000 " : "69,00" } } ,
  "25" : { "Tariffe biglietti ordinari e altri titoli di viaggio occasionali" : { "Biglietto ordinario" : "2,40" , "Biglietto giornaliero" : "8,40" , "Biglietto 3 giorni" : "14,50" } , "Tariffe abbonamenti ordinari" : { "Settimanale" : "20,50" , "Mensile" : "60,00" , "Annuale" : "552,00" }, "Tariffe abbonamenti agevolati Sistema Tariffario Integrato del Bacino di Mobilità" : { "Mensile giovani under 26 e senior over 65" : "45,00" , "Annuale giovani under 26 e senior over 65" : "414,00" , "Annuale soglia ISEE non oltre 6.000 " : "83,00" } } ,
  "26" : { "Tariffe biglietti ordinari e altri titoli di viaggio occasionali" : { "Biglietto ordinario" : "1,60" , "Biglietto giornaliero" : "5,60" , "Biglietto 3 giorni" : "9,60" } , "Tariffe abbonamenti ordinari" : { "Settimanale" : "13,50" , "Mensile" : "40,00" , "Annuale" : "368,00" }, "Tariffe abbonamenti agevolati Sistema Tariffario Integrato del Bacino di Mobilità" : { "Mensile giovani under 26 e senior over 65" : "30,00" , "Annuale giovani under 26 e senior over 65" : "276,00" , "Annuale soglia ISEE non oltre 6.000 " : "55,00" } } ,
  "27" : { "Tariffe biglietti ordinari e altri titoli di viaggio occasionali" : { "Biglietto ordinario" : "2,00" , "Biglietto giornaliero" : "7,00" , "Biglietto 3 giorni" : "12,00" } , "Tariffe abbonamenti ordinari" : { "Settimanale" : "17,00" , "Mensile" : "50,00" , "Annuale" : "460,00" }, "Tariffe abbonamenti agevolati Sistema Tariffario Integrato del Bacino di Mobilità" : { "Mensile giovani under 26 e senior over 65" : "37,50" , "Annuale giovani under 26 e senior over 65" : "345,00" , "Annuale soglia ISEE non oltre 6.000 " : "69,00" } } ,
  "28" : { "Tariffe biglietti ordinari e altri titoli di viaggio occasionali" : { "Biglietto ordinario" : "1,60" , "Biglietto giornaliero" : "5,60" , "Biglietto 3 giorni" : "9,60" } , "Tariffe abbonamenti ordinari" : { "Settimanale" : "13,50" , "Mensile" : "40,00" , "Annuale" : "368,00" }, "Tariffe abbonamenti agevolati Sistema Tariffario Integrato del Bacino di Mobilità" : { "Mensile giovani under 26 e senior over 65" : "30,00" , "Annuale giovani under 26 e senior over 65" : "276,00" , "Annuale soglia ISEE non oltre 6.000 " : "55,00" } } 
  }